seq_id,file_name,timestamp_utc,posts,subreddits,harvester_type,size_bytes
1,reddit_2025-11-01_1614.csv,2025-11-11 11:36:45,43566,,auto,6834019
2,reddit_2025-11-02_0158.csv,2025-11-11 11:36:45,43660,,auto,6853109
3,reddit_2025-11-02_0813.csv,2025-11-11 11:36:45,42606,,auto,6685195
4,reddit_2025-11-02_1611.csv,2025-11-11 11:36:45,42405,,auto,6737828
5,reddit_2025-11-03_0048.csv,2025-11-11 11:36:45,41938,,auto,6751298
6,reddit_2025-11-03_0816.csv,2025-11-11 11:36:45,43323,,auto,6877424
7,reddit_2025-11-03_1613.csv,2025-11-11 11:36:45,43541,,auto,6866959
8,reddit_2025-11-04_0045.csv,2025-11-11 11:36:45,44791,,auto,7140955
9,reddit_2025-11-04_0815.csv,2025-11-11 11:36:45,44463,,auto,7106276
10,reddit_2025-11-04_1614.csv,2025-11-11 11:36:45,44311,,auto,7024795
11,reddit_2025-11-05_0047.csv,2025-11-11 11:36:45,43139,,auto,6924095
12,reddit_2025-11-05_0815.csv,2025-11-11 11:36:45,43207,,auto,6887996
13,reddit_2025-11-05_1614.csv,2025-11-11 11:36:45,43551,,auto,7012925
14,reddit_2025-11-06_0046.csv,2025-11-11 11:36:45,44945,,auto,7106750
15,reddit_2025-11-06_0815.csv,2025-11-11 11:36:45,44463,,auto,7066641
16,reddit_2025-11-06_1614.csv,2025-11-11 11:36:45,44073,,auto,7080793
17,reddit_2025-11-07_0046.csv,2025-11-11 11:36:45,44742,,auto,7127353
18,reddit_2025-11-07_0815.csv,2025-11-11 11:36:45,43935,,auto,7103282
19,reddit_2025-11-07_1612.csv,2025-11-11 11:36:45,42842,,auto,6840910
20,reddit_2025-11-08_0043.csv,2025-11-11 11:36:45,45521,,auto,7005269
21,reddit_2025-11-08_0813.csv,2025-11-11 11:36:45,43073,,auto,6744474
22,reddit_2025-11-08_1611.csv,2025-11-11 11:36:45,42503,,auto,6713294
23,reddit_2025-11-09_0049.csv,2025-11-11 11:36:45,43662,,auto,6886037
24,reddit_2025-11-09_0812.csv,2025-11-11 11:36:45,42948,,auto,6791461
25,reddit_2025-11-09_1615.csv,2025-11-11 11:36:45,43166,,auto,6761130
26,reddit_2025-11-10_0049.csv,2025-11-11 11:36:45,45154,,auto,7007132
27,reddit_2025-11-10_0817.csv,2025-11-11 11:36:45,45819,,auto,7053374
28,reddit_2025-11-10_1614.csv,2025-11-11 11:36:45,45094,,auto,7013958
29,reddit_2025-11-11_0047.csv,2025-11-11 11:36:45,45890,,auto,7161043
30,reddit_2025-11-11_0815.csv,2025-11-11 11:36:45,45081,,auto,7101655
